#,Keyword,Country,Difficulty,Volume,CPC,CPS,Parent Keyword,Last Update,SERP Features,Global volume,Traffic potential,Global traffic potential,First seen,Mobile,Desktop,Growth (3mo),Growth (6mo),Growth (12mo),Global Growth (3mo),Global Growth (6mo),Global Growth (12mo),Growth forecast (12mo),Intents,Languages,SV trend (10-2024 - 09-2026),SV Forecasting trend (10-2026 - 10-2027),Category
1,mag pro tekstiilipesuri,fi,,100,"0,2",,,,,100,,,2020-07-14,"0,89","0,11",,,,,,,,"Informational,Commercial,Transactional,Branded,Non-local",Finnish,"134, 123, 90, 83, 93, 257, 253, 238, 233, 152, 108, 76, 98, 86, 98, 174, 54, 120, 163, 150, 145, 127, 78, 94",,Floor care; Department stores
2,mag-pro tekstiilipesuri,fi,,60,,,,,,60,,,2020-07-27,"0,68","0,32",,,,,,,,"Informational,Commercial,Transactional,Branded,Non-local",,"75, 68, 57, 65, 64, 236, 188, 134, 85, 75, 58, 38, 58, 49, 73, 69, 43, 66, 79, 69, 85, 51, 34, 46",,Floor care
3,mag pro tekstiilipesuri käyttöohje,fi,,30,,,,,,30,,,2021-03-13,,,,,,,,,,"Informational,Branded,Non-local",Finnish,"0, 0, 0, 0, 0, 0, 32, 25, 20, 27, 12, 0, 0, 0, 0, 0, 0, 7, 18, 57, 71, 56, 87, 59",,Expert content
4,mag-pro tekstiilipesuri 1 litran säiliöllä 450 w,fi,,20,,,,,,20,,,2024-03-20,,,,,,,,,,"Commercial,Transactional,Branded,Non-local",Finnish,"6, 0, 0, 0, 3, 74, 53, 50, 36, 31, 20, 16, 24, 24, 22, 16, 16, 22, 23, 13, 11, 0, 0, 2",,Dryers
5,mag-pro tekstiilipesuri käyttöohje,fi,,20,,,,,,20,,,2023-06-06,"0,91","0,09",,,,,,,,"Informational,Branded,Non-local",Finnish,"43, 28, 46, 49, 37, 91, 54, 67, 69, 58, 23, 26, 36, 23, 26, 32, 18, 22, 60, 12, 1, 0, 0, 0",1,Templates
6,"mag-pro tekstiilipesuri, kokemuksia",fi,,10,,,,,,10,,,2025-11-17,,,,,,,,,,"Informational,Commercial,Branded,Non-local",Finnish,"0, 0, 0, 0, 0, 0, 0, 0, 0, 0, 0, 0, 0, 9, 16, 16, 0, 0, 5, 16, 21, 16, 14, 29",20,Dryers; Price comparisons
7,mag-pro tekstiilipesuri kokemuksia,fi,,10,,,,,,10,,,2021-03-22,"0,86","0,14",,,,,,,,"Informational,Commercial,Branded,Non-local",Finnish,"69, 99, 86, 87, 89, 241, 173, 125, 81, 59, 39, 29, 45, 2, 4, 0, 0, 14, 13, 17, 2, 0, 0, 0",1,Household cleaning; Price comparisons
8,mag pro tekstiilipesuri kokemuksia,fi,,10,,,,,,10,,,2020-08-07,"0,84","0,16",,,,,,,,"Informational,Commercial,Branded,Non-local",Finnish,"1, 0, 0, 0, 0, 29, 29, 30, 17, 1, 0, 0, 0, 0, 0, 0, 0, 26, 10, 22, 8, 0, 0, 0",1,Dryers; Price comparisons
9,tekstiilipesuri mag pro,fi,,,,,,,,,,,2021-04-04,,,,,,,,,,,,"33, 15, 17, 9, 14, 62, 34, 29, 46, 19, 24, 1, 0, 0, 0, 2, 1, 0, 0, 0, 0, 12, 9, 11",,
10,mag-pro tools tekstiilipesuri 1400 w,fi,,,,,,,,,,,2025-03-06,,,,,,,,,,,,"0, 0, 0, 0, 0, 18, 5, 0, 0, 0, 0, 0, 0, 0, 0, 0, 0, 0, 0, 0, 0, 0, 0, 0",1,
11,mag-pro power tool tekstiilipesuri 1400w kokemuksia,fi,,,,,,,,,,,2020-08-16,,,,,,,,,,,,"0, 0, 0, 0, 0, 0, 0, 0, 0, 0, 0, 0, 0, 0, 0, 0, 0, 0, 0, 0, 0, 0, 0, 0",1,
12,mag-pro power tool tekstiilipesuri,fi,,,,,,,,,,,2020-07-19,,,,,,,,,,,,"0, 0, 0, 0, 0, 0, 0, 0, 0, 0, 0, 0, 0, 0, 0, 0, 0, 0, 0, 0, 0, 0, 0, 0",1,
13,mag pro power tekstiilipesuri,fi,,,,,,,,,,,2020-09-11,,,,,,,,,,,,"0, 0, 0, 0, 0, 0, 0, 0, 0, 0, 0, 0, 0, 0, 0, 0, 0, 0, 0, 0, 0, 0, 0, 0",1,
14,mag-pro power tool tekstiilipesuri 1400w,fi,,,,,,,,,,,2020-07-14,,,,,,,,,,,,"0, 0, 0, 0, 0, 0, 0, 0, 0, 0, 0, 0, 0, 0, 0, 0, 0, 0, 0, 0, 0, 0, 0, 1",,
15,mag-pro power tools tekstiilipesuri,fi,,,,,,,,,,,2021-10-16,,,,,,,,,,,,"0, 0, 0, 0, 0, 0, 0, 0, 0, 0, 0, 0, 0, 0, 0, 0, 0, 0, 0, 0, 0, 0, 0, 0",1,
16,mag pro tekstiilipesuri pesuaine,fi,,,,,,,,,,,2025-04-25,,,,,,,,,,,,"0, 0, 0, 0, 0, 0, 7, 19, 17, 3, 0, 0, 0, 0, 0, 0, 0, 0, 0, 0, 0, 0, 0, 0",1,
17,mag-pro power tool tekstiilipesuri kokemuksia,fi,,,,,,,,,,,2020-08-21,,,,,,,,,,,,"0, 0, 0, 0, 0, 0, 0, 0, 0, 0, 0, 0, 0, 0, 0, 0, 0, 0, 0, 0, 0, 0, 0, 0",1,
18,mag pro tools tekstiilipesuri,fi,,,,,,,,,,,2025-04-05,,,,,,,,,,,,"0, 0, 0, 0, 0, 0, 4, 0, 0, 0, 0, 0, 0, 0, 0, 0, 0, 0, 0, 0, 0, 0, 0, 14",6,